UNIX TIME;TIME;LAT;LONG;ALT;DIST;HR;CAD;TEMP;POWER
1178690400;2007-05-09T06:00:00Z;31,043462;77,121553;1617;0;0;0;No Data;No Data
1178690410;2007-05-09T06:00:10Z;31,043273;77,121936;1617;0.0421958;0;0;No Data;No Data
1178690420;2007-05-09T06:00:20Z;31,043112;77,122308;1636;0.0819527;0;0;No Data;No Data
1178690431;2007-05-09T06:00:31Z;31,042956;77,122774;1654;0.1296926;0;0;No Data;No Data
1178690443;2007-05-09T06:00:43Z;31,042780;77,123234;1687;0.1777954;0;0;No Data;No Data
1178690454;2007-05-09T06:00:54Z;31,042607;77,123693;1687;0.2256354;0;0;No Data;No Data
1178690469;2007-05-09T06:01:09Z;31,042294;77,124233;1723;0.2878786;0;0;No Data;No Data
1178690483;2007-05-09T06:01:23Z;31,041930;77,124684;1767;0.3470011;0;0;No Data;No Data
1178690493;2007-05-09T06:01:33Z;31,041773;77,125044;1767;0.3855577;0;0;No Data;No Data
1178690501;2007-05-09T06:01:41Z;31,041535;77,125311;1767;0.4223274;0;0;No Data;No Data
1178690513;2007-05-09T06:01:53Z;31,041202;77,125668;1807;0.4727012;0;0;No Data;No Data
1178690527;2007-05-09T06:02:07Z;31,040779;77,126023;1807;0.5306849;0;0;No Data;No Data
1178690536;2007-05-09T06:02:16Z;31,040563;77,126290;1807;0.565776;0;0;No Data;No Data
1178690548;2007-05-09T06:02:28Z;31,040243;77,126645;1842;0.6149418;0;0;No Data;No Data
1178690562;2007-05-09T06:02:42Z;31,039826;77,127018;1842;0.6734698;0;0;No Data;No Data
1178690573;2007-05-09T06:02:53Z;31,039547;77,127406;1807;0.7217861;0;0;No Data;No Data
1178690584;2007-05-09T06:03:04Z;31,039187;77,127611;1807;0.7663079;0;0;No Data;No Data
1178690592;2007-05-09T06:03:12Z;31,038901;77,127720;1807;0.7998133;0;0;No Data;No Data
1178690602;2007-05-09T06:03:22Z;31,038537;77,127647;1767;0.8409015;0;0;No Data;No Data
1178690611;2007-05-09T06:03:31Z;31,038391;77,127285;1767;0.8789892;0;0;No Data;No Data
1178690620;2007-05-09T06:03:40Z;31,038311;77,126917;1766;0.915124;0;0;No Data;No Data
1178690638;2007-05-09T06:03:58Z;31,038133;77,126152;1800;0.9906622;0;0;No Data;No Data
1178690647;2007-05-09T06:04:07Z;31,037997;77,125770;1800;1.030032;0;0;No Data;No Data
1178690660;2007-05-09T06:04:20Z;31,037776;77,125297;1796;1.081371;0;0;No Data;No Data
1178690671;2007-05-09T06:04:31Z;31,037631;77,124823;1796;1.129373;0;0;No Data;No Data
1178690683;2007-05-09T06:04:43Z;31,037478;77,124347;1829;1.177789;0;0;No Data;No Data
1178690692;2007-05-09T06:04:52Z;31,037406;77,123964;1829;1.215153;0;0;No Data;No Data
1178690701;2007-05-09T06:05:01Z;31,037519;77,123583;1853;1.253558;0;0;No Data;No Data
1178690712;2007-05-09T06:05:12Z;31,037566;77,123116;1853;1.298356;0;0;No Data;No Data
1178690721;2007-05-09T06:05:21Z;31,037746;77,122749;1848;1.338656;0;0;No Data;No Data
1178690728;2007-05-09T06:05:28Z;31,037762;77,122477;1848;1.364658;0;0;No Data;No Data
1178690738;2007-05-09T06:05:38Z;31,037971;77,122113;1832;1.406441;0;0;No Data;No Data
1178690748;2007-05-09T06:05:48Z;31,037983;77,121655;1832;1.45013;0;0;No Data;No Data
1178690761;2007-05-09T06:06:01Z;31,038020;77,121107;1814;1.502528;0;0;No Data;No Data
1178690769;2007-05-09T06:06:09Z;31,038044;77,120741;1814;1.537506;0;0;No Data;No Data
1178690782;2007-05-09T06:06:22Z;31,038100;77,120193;1788;1.590096;0;0;No Data;No Data
1178690792;2007-05-09T06:06:32Z;31,038157;77,119736;1788;1.634078;0;0;No Data;No Data
1178690799;2007-05-09T06:06:39Z;31,038191;77,119461;1754;1.660502;0;0;No Data;No Data
1178690809;2007-05-09T06:06:49Z;31,038185;77,119006;1754;1.703862;0;0;No Data;No Data
1178690817;2007-05-09T06:06:57Z;31,038172;77,118641;1712;1.738617;0;0;No Data;No Data
1178690824;2007-05-09T06:07:04Z;31,038136;77,118367;1712;1.76498;0;0;No Data;No Data
1178690834;2007-05-09T06:07:14Z;31,037827;77,118098;1713;1.807817;0;0;No Data;No Data
1178690843;2007-05-09T06:07:23Z;31,037491;77,118106;1713;1.845207;0;0;No Data;No Data
1178690856;2007-05-09T06:07:36Z;31,037006;77,118214;1680;1.900076;0;0;No Data;No Data
1178690863;2007-05-09T06:07:43Z;31,036824;77,118404;1680;1.92723;0;0;No Data;No Data
1178690873;2007-05-09T06:07:53Z;31,036488;77,118598;1680;1.968951;0;0;No Data;No Data
1178690893;2007-05-09T06:08:13Z;31,035976;77,119250;1709;2.053325;0;0;No Data;No Data
1178690908;2007-05-09T06:08:28Z;31,035451;77,119526;1743;2.117355;0;0;No Data;No Data
1178690923;2007-05-09T06:08:43Z;31,035153;77,120067;1776;2.178705;0;0;No Data;No Data
1178690934;2007-05-09T06:08:54Z;31,035000;77,120518;1801;2.224996;0;0;No Data;No Data
1178690946;2007-05-09T06:09:06Z;31,034953;77,121061;1801;2.277063;0;0;No Data;No Data
1178690957;2007-05-09T06:09:17Z;31,034938;77,121516;1822;2.320501;0;0;No Data;No Data
1178690972;2007-05-09T06:09:32Z;31,034793;77,122162;1807;2.384194;0;0;No Data;No Data
1178690983;2007-05-09T06:09:43Z;31,034754;77,122628;1807;2.428904;0;0;No Data;No Data
1178690992;2007-05-09T06:09:52Z;31,034716;77,123004;1795;2.46506;0;0;No Data;No Data
1178691007;2007-05-09T06:10:07Z;31,034621;77,123662;1774;2.528742;0;0;No Data;No Data
1178691017;2007-05-09T06:10:17Z;31,034422;77,124043;1757;2.571268;0;0;No Data;No Data
1178691026;2007-05-09T06:10:26Z;31,034128;77,124238;1757;2.608896;0;0;No Data;No Data
1178691038;2007-05-09T06:10:38Z;31,033673;77,124255;1738;2.659466;0;0;No Data;No Data
1178691050;2007-05-09T06:10:50Z;31,033247;77,124164;1738;2.707645;0;0;No Data;No Data
1178691061;2007-05-09T06:11:01Z;31,032814;77,124164;1748;2.755796;0;0;No Data;No Data
1178691073;2007-05-09T06:11:13Z;31,032415;77,123968;1748;2.8039;0;0;No Data;No Data
1178691086;2007-05-09T06:11:26Z;31,032156;77,123492;1779;2.857598;0;0;No Data;No Data
1178691099;2007-05-09T06:11:39Z;31,032055;77,122925;1822;2.912816;0;0;No Data;No Data
1178691110;2007-05-09T06:11:50Z;31,031971;77,122454;1822;2.958657;0;0;No Data;No Data
1178691125;2007-05-09T06:12:05Z;31,031854;77,121798;1858;3.022492;0;0;No Data;No Data
1178691134;2007-05-09T06:12:14Z;31,031786;77,121425;1858;3.058771;0;0;No Data;No Data
1178691145;2007-05-09T06:12:25Z;31,031723;77,120964;1889;3.103227;0;0;No Data;No Data
1178691162;2007-05-09T06:12:42Z;31,031946;77,120236;1894;3.176916;0;0;No Data;No Data
1178691172;2007-05-09T06:12:52Z;31,032142;77,119877;1862;3.217488;0;0;No Data;No Data
1178691195;2007-05-09T06:13:15Z;31,032474;77,118978;1853;3.310843;0;0;No Data;No Data
1178691206;2007-05-09T06:13:26Z;31,032680;77,118525;1837;3.359766;0;0;No Data;No Data
1178691220;2007-05-09T06:13:40Z;31,032998;77,118070;1808;3.415803;0;0;No Data;No Data
1178691233;2007-05-09T06:13:53Z;31,033324;77,117613;1792;3.472537;0;0;No Data;No Data
1178691244;2007-05-09T06:14:04Z;31,033639;77,117335;1792;3.516473;0;0;No Data;No Data
1178691267;2007-05-09T06:14:27Z;31,034283;77,116685;1741;3.611339;0;0;No Data;No Data
1178691283;2007-05-09T06:14:43Z;31,034829;77,116399;1700;3.677984;0;0;No Data;No Data
1178691291;2007-05-09T06:14:51Z;31,035047;77,116117;1692;3.714197;0;0;No Data;No Data
1178691305;2007-05-09T06:15:05Z;31,035487;77,115830;1644;3.770316;0;0;No Data;No Data
1178691317;2007-05-09T06:15:17Z;31,035857;77,115542;1644;3.819812;0;0;No Data;No Data
1178691333;2007-05-09T06:15:33Z;31,036382;77,115154;1601;3.889011;0;0;No Data;No Data
1178691346;2007-05-09T06:15:46Z;31,036582;77,114677;1601;3.939652;0;0;No Data;No Data
1178691355;2007-05-09T06:15:55Z;31,036758;77,114294;1598;3.98107;0;0;No Data;No Data
1178691364;2007-05-09T06:16:04Z;31,036720;77,113918;1598;4.017093;0;0;No Data;No Data
1178691375;2007-05-09T06:16:15Z;31,036489;77,113550;1618;4.060555;0;0;No Data;No Data
1178691385;2007-05-09T06:16:25Z;31,036165;77,113280;1642;4.104793;0;0;No Data;No Data
1178691397;2007-05-09T06:16:37Z;31,035750;77,113109;1642;4.153755;0;0;No Data;No Data
1178691410;2007-05-09T06:16:50Z;31,035280;77,113036;1692;4.206509;0;0;No Data;No Data
1178691429;2007-05-09T06:17:09Z;31,034555;77,113066;1710;4.287171;0;0;No Data;No Data
1178691448;2007-05-09T06:17:28Z;31,033829;77,113096;1710;4.367954;0;0;No Data;No Data
1178691460;2007-05-09T06:17:40Z;31,033412;77,113206;1760;4.415482;0;0;No Data;No Data
1178691479;2007-05-09T06:17:59Z;31,032697;77,113326;1804;4.495864;0;0;No Data;No Data
1178691492;2007-05-09T06:18:12Z;31,032219;77,113436;1804;4.550026;0;0;No Data;No Data
1178691509;2007-05-09T06:18:29Z;31,031642;77,113731;1805;4.620096;0;0;No Data;No Data
1178691523;2007-05-09T06:18:43Z;31,031192;77,114019;1789;4.677183;0;0;No Data;No Data
1178691538;2007-05-09T06:18:58Z;31,030707;77,114400;1789;4.74221;0;0;No Data;No Data
1178691549;2007-05-09T06:19:09Z;31,030382;77,114683;1791;4.787333;0;0;No Data;No Data
1178691561;2007-05-09T06:19:21Z;31,030004;77,114969;1791;4.837405;0;0;No Data;No Data
1178691570;2007-05-09T06:19:30Z;31,029712;77,115160;1791;4.874683;0;0;No Data;No Data
1178691583;2007-05-09T06:19:43Z;31,029461;77,115625;1739;4.927099;0;0;No Data;No Data
1178691594;2007-05-09T06:19:54Z;31,029195;77,115999;1739;4.973448;0;0;No Data;No Data
1178691607;2007-05-09T06:20:07Z;31,028906;77,116464;1737;5.028296;0;0;No Data;No Data
1178691621;2007-05-09T06:20:21Z;31,028554;77,116926;1733;5.087288;0;0;No Data;No Data
1178691632;2007-05-09T06:20:32Z;31,028218;77,117206;1761;5.133201;0;0;No Data;No Data
1178691644;2007-05-09T06:20:44Z;31,027838;77,117490;1727;5.183435;0;0;No Data;No Data
1178691654;2007-05-09T06:20:54Z;31,027467;77,117503;1727;5.224655;0;0;No Data;No Data
1178691663;2007-05-09T06:21:03Z;31,027238;77,117239;1727;5.260442;0;0;No Data;No Data
1178691673;2007-05-09T06:21:13Z;31,027010;77,116884;1699;5.302646;0;0;No Data;No Data
1178691685;2007-05-09T06:21:25Z;31,027038;77,116342;1676;5.354415;0;0;No Data;No Data
1178691689;2007-05-09T06:21:29Z;31,027047;77,116161;1676;5.371694;0;0;No Data;No Data
1178691700;2007-05-09T06:21:40Z;31,027055;77,115707;1676;5.414981;0;0;No Data;No Data
1178691714;2007-05-09T06:21:54Z;31,027034;77,115071;1675;5.475673;0;0;No Data;No Data
1178691727;2007-05-09T06:22:07Z;31,027064;77,114524;1692;5.527924;0;0;No Data;No Data
1178691741;2007-05-09T06:22:21Z;31,027051;77,113888;1692;5.588521;0;0;No Data;No Data
1178691745;2007-05-09T06:22:25Z;31,027051;77,113707;1684;5.605773;0;0;No Data;No Data
1178691761;2007-05-09T06:22:41Z;31,027229;77,113063;1688;5.670341;0;0;No Data;No Data
1178691774;2007-05-09T06:22:54Z;31,027359;77,112513;1692;5.724761;0;0;No Data;No Data
1178691786;2007-05-09T06:23:06Z;31,027610;77,112052;1724;5.776869;0;0;No Data;No Data
1178691800;2007-05-09T06:23:20Z;31,027758;77,111508;1724;5.831298;0;0;No Data;No Data
1178691809;2007-05-09T06:23:29Z;31,028030;77,111229;1772;5.871599;0;0;No Data;No Data
1178691825;2007-05-09T06:23:45Z;31,028385;77,110674;1772;5.937693;0;0;No Data;No Data
1178691833;2007-05-09T06:23:53Z;31,028612;77,110484;1757;5.968846;0;0;No Data;No Data
1178691858;2007-05-09T06:24:18Z;31,029256;77,109648;1791;6.076079;0;0;No Data;No Data
1178691864;2007-05-09T06:24:24Z;31,029391;77,109463;1791;6.099224;0;0;No Data;No Data
1178691875;2007-05-09T06:24:35Z;31,029751;77,109181;1839;6.147492;0;0;No Data;No Data
1178691884;2007-05-09T06:24:44Z;31,029951;77,108905;1839;6.181977;0;0;No Data;No Data
1178691892;2007-05-09T06:24:52Z;31,030215;77,108720;1828;6.21628;0;0;No Data;No Data
1178691909;2007-05-09T06:25:09Z;31,030777;77,108344;1879;6.288381;0;0;No Data;No Data
1178691919;2007-05-09T06:25:19Z;31,031050;77,108054;1879;6.329501;0;0;No Data;No Data
1178691939;2007-05-09T06:25:39Z;31,031690;77,107645;1844;6.41071;0;0;No Data;No Data
1178691943;2007-05-09T06:25:43Z;31,031717;77,107457;1844;6.428904;0;0;No Data;No Data
1178691960;2007-05-09T06:26:00Z;31,032323;77,107222;1816;6.500065;0;0;No Data;No Data
1178691978;2007-05-09T06:26:18Z;31,032911;77,106882;1783;6.573106;0;0;No Data;No Data
1178691985;2007-05-09T06:26:25Z;31,033157;77,106762;1729;6.602804;0;0;No Data;No Data
1178692006;2007-05-09T06:26:46Z;31,033758;77,106136;1707;6.692544;0;0;No Data;No Data
1178692024;2007-05-09T06:27:04Z;31,034268;77,105604;1655;6.768669;0;0;No Data;No Data
1178692037;2007-05-09T06:27:17Z;31,034428;77,105109;1628;6.819111;0;0;No Data;No Data
1178692049;2007-05-09T06:27:29Z;31,034600;77,104608;1628;6.870609;0;0;No Data;No Data
1178692060;2007-05-09T06:27:40Z;31,034605;77,104134;1615;6.915809;0;0;No Data;No Data
1178692075;2007-05-09T06:27:55Z;31,034602;77,103473;1618;6.978847;0;0;No Data;No Data
1178692088;2007-05-09T06:28:08Z;31,034614;77,102901;1601;7.033399;0;0;No Data;No Data
1178692100;2007-05-09T06:28:20Z;31,034409;77,102450;1601;7.082027;0;0;No Data;No Data
1178692106;2007-05-09T06:28:26Z;31,034308;77,102177;1601;7.110299;0;0;No Data;No Data
1178692122;2007-05-09T06:28:42Z;31,033958;77,101662;1595;7.172924;0;0;No Data;No Data
1178692128;2007-05-09T06:28:48Z;31,033930;77,101390;1595;7.199032;0;0;No Data;No Data
1178692138;2007-05-09T06:28:58Z;31,033594;77,101156;1648;7.242535;0;0;No Data;No Data
1178692150;2007-05-09T06:29:10Z;31,033172;77,101025;1648;7.291138;0;0;No Data;No Data
1178692164;2007-05-09T06:29:24Z;31,032651;77,101001;1692;7.349178;0;0;No Data;No Data
1178692185;2007-05-09T06:29:45Z;31,031872;77,101121;1787;7.436615;0;0;No Data;No Data
1178692200;2007-05-09T06:30:00Z;31,031771;77,101783;1741;7.50082;0;0;No Data;No Data
1178692212;2007-05-09T06:30:12Z;31,031335;77,101847;1741;7.549718;0;0;No Data;No Data
1178692231;2007-05-09T06:30:31Z;31,030654;77,102112;1791;7.629585;0;0;No Data;No Data
1178692243;2007-05-09T06:30:43Z;31,030205;77,102246;1808;7.681193;0;0;No Data;No Data
1178692267;2007-05-09T06:31:07Z;31,029375;77,102579;1814;7.778906;0;0;No Data;No Data
1178692279;2007-05-09T06:31:19Z;31,029070;77,102957;1804;7.828421;0;0;No Data;No Data
1178692301;2007-05-09T06:31:41Z;31,028277;77,103275;1804;7.921767;0;0;No Data;No Data
1178692311;2007-05-09T06:31:51Z;31,028115;77,103650;1804;7.961826;0;0;No Data;No Data
1178692319;2007-05-09T06:31:59Z;31,027835;77,103835;1787;7.997632;0;0;No Data;No Data
1178692329;2007-05-09T06:32:09Z;31,027580;77,104128;1787;8.037408;0;0;No Data;No Data
1178692357;2007-05-09T06:32:37Z;31,026698;77,104791;1767;8.154213;0;0;No Data;No Data
1178692367;2007-05-09T06:32:47Z;31,026426;77,105065;1767;8.194213;0;0;No Data;No Data
1178692383;2007-05-09T06:33:03Z;31,026201;77,105710;1736;8.260642;0;0;No Data;No Data
1178692406;2007-05-09T06:33:26Z;31,026010;77,106706;1741;8.358065;0;0;No Data;No Data
1178692426;2007-05-09T06:33:46Z;31,025766;77,107519;1724;8.440272;0;0;No Data;No Data
1178692440;2007-05-09T06:34:00Z;31,025666;77,108147;1702;8.501233;0;0;No Data;No Data
1178692446;2007-05-09T06:34:06Z;31,025533;77,108330;1702;8.524147;0;0;No Data;No Data
1178692454;2007-05-09T06:34:14Z;31,025515;77,108683;1702;8.557893;0;0;No Data;No Data
1178692469;2007-05-09T06:34:29Z;31,025371;77,109310;1630;8.619866;0;0;No Data;No Data
1178692484;2007-05-09T06:34:44Z;31,025250;77,109948;1620;8.682264;0;0;No Data;No Data
1178692495;2007-05-09T06:34:55Z;31,025078;77,110414;1620;8.730675;0;0;No Data;No Data
1178692508;2007-05-09T06:35:08Z;31,024820;77,110883;1658;8.783817;0;0;No Data;No Data
1178692518;2007-05-09T06:35:18Z;31,024658;77,111253;1658;8.823524;0;0;No Data;No Data
1178692531;2007-05-09T06:35:31Z;31,024450;77,111804;1637;8.880946;0;0;No Data;No Data
1178692546;2007-05-09T06:35:46Z;31,024102;77,112267;1633;8.939703;0;0;No Data;No Data
1178692559;2007-05-09T06:35:59Z;31,023715;77,112645;1620;8.995876;0;0;No Data;No Data
1178692574;2007-05-09T06:36:14Z;31,023411;77,113203;1668;9.058986;0;0;No Data;No Data
1178692587;2007-05-09T06:36:27Z;31,022943;77,113404;1668;9.114489;0;0;No Data;No Data
1178692601;2007-05-09T06:36:41Z;31,022620;77,113868;1737;9.171488;0;0;No Data;No Data
1178692617;2007-05-09T06:36:57Z;31,022117;77,114243;1737;9.237908;0;0;No Data;No Data
1178692635;2007-05-09T06:37:15Z;31,021508;77,114532;1715;9.311114;0;0;No Data;No Data
1178692644;2007-05-09T06:37:24Z;31,021214;77,114720;1677;9.348456;0;0;No Data;No Data
1178692653;2007-05-09T06:37:33Z;31,020874;77,114732;1677;9.386289;0;0;No Data;No Data
1178692661;2007-05-09T06:37:41Z;31,020866;77,114375;1691;9.420275;0;0;No Data;No Data
1178692667;2007-05-09T06:37:47Z;31,020859;77,114108;1691;9.445715;0;0;No Data;No Data
1178692675;2007-05-09T06:37:55Z;31,020867;77,113750;1670;9.479831;0;0;No Data;No Data
1178692692;2007-05-09T06:38:12Z;31,020896;77,113032;1670;9.548407;0;0;No Data;No Data
1178692698;2007-05-09T06:38:18Z;31,020909;77,112761;1644;9.574245;0;0;No Data;No Data
1178692708;2007-05-09T06:38:28Z;31,020926;77,112310;1644;9.617278;0;0;No Data;No Data
1178692737;2007-05-09T06:38:57Z;31,020975;77,111041;1608;9.738476;0;0;No Data;No Data
1178692750;2007-05-09T06:39:10Z;31,021092;77,110487;1571;9.792896;0;0;No Data;No Data
1178692765;2007-05-09T06:39:25Z;31,021111;77,109848;1571;9.853901;0;0;No Data;No Data
1178692783;2007-05-09T06:39:43Z;31,021330;77,109114;1588;9.928001;0;0;No Data;No Data
1178692794;2007-05-09T06:39:54Z;31,021496;77,108650;1565;9.975983;0;0;No Data;No Data
1178692799;2007-05-09T06:39:59Z;31,021581;77,108462;1565;9.996251;0;0;No Data;No Data
1178692813;2007-05-09T06:40:13Z;31,021823;77,107902;1558;10.05607;0;0;No Data;No Data
1178692824;2007-05-09T06:40:24Z;31,021874;77,107450;1558;10.09949;0;0;No Data;No Data
1178692835;2007-05-09T06:40:35Z;31,022149;77,107083;1594;10.14596;0;0;No Data;No Data
1178692843;2007-05-09T06:40:43Z;31,022355;77,106808;1594;10.18085;0;0;No Data;No Data
1178692852;2007-05-09T06:40:52Z;31,022562;77,106533;1594;10.2158;0;0;No Data;No Data
1178692865;2007-05-09T06:41:05Z;31,022895;77,106079;1622;10.27278;0;0;No Data;No Data
1178692874;2007-05-09T06:41:14Z;31,023093;77,105808;1643;10.30679;0;0;No Data;No Data
1178692883;2007-05-09T06:41:23Z;31,023281;77,105449;1643;10.34692;0;0;No Data;No Data
1178692897;2007-05-09T06:41:37Z;31,023613;77,104998;1676;10.40369;0;0;No Data;No Data
1178692904;2007-05-09T06:41:44Z;31,023828;77,104812;1696;10.43357;0;0;No Data;No Data
1178692921;2007-05-09T06:42:01Z;31,024232;77,104239;1685;10.50435;0;0;No Data;No Data
1178692939;2007-05-09T06:42:19Z;31,024737;77,103714;1625;10.57972;0;0;No Data;No Data
1178692957;2007-05-09T06:42:37Z;31,025177;77,103122;1625;10.6545;0;0;No Data;No Data
1178692976;2007-05-09T06:42:56Z;31,025581;77,102451;1633;10.73268;0;0;No Data;No Data
1178692990;2007-05-09T06:43:10Z;31,025949;77,101982;1631;10.79335;0;0;No Data;No Data
1178693002;2007-05-09T06:43:22Z;31,026138;77,101531;1631;10.84123;0;0;No Data;No Data
1178693012;2007-05-09T06:43:32Z;31,026176;77,101086;1650;10.88382;0;0;No Data;No Data
1178693022;2007-05-09T06:43:42Z;31,026137;77,100646;1650;10.92595;0;0;No Data;No Data
1178693031;2007-05-09T06:43:51Z;31,025963;77,100296;1673;10.96448;0;0;No Data;No Data
1178693039;2007-05-09T06:43:59Z;31,025672;77,100301;1673;10.99681;0;0;No Data;No Data
1178693047;2007-05-09T06:44:07Z;31,025374;77,100310;1650;11.02991;0;0;No Data;No Data
1178693053;2007-05-09T06:44:13Z;31,025153;77,100315;1650;11.05445;0;0;No Data;No Data
1178693067;2007-05-09T06:44:27Z;31,024654;77,100411;1650;11.11074;0;0;No Data;No Data
1178693076;2007-05-09T06:44:36Z;31,024289;77,100417;1609;11.15131;0;0;No Data;No Data
1178693089;2007-05-09T06:44:49Z;31,023879;77,100686;1581;11.2037;0;0;No Data;No Data
1178693100;2007-05-09T06:45:00Z;31,023489;77,100891;1571;11.25132;0;0;No Data;No Data
1178693111;2007-05-09T06:45:11Z;31,023183;77,101221;1571;11.29767;0;0;No Data;No Data
1178693121;2007-05-09T06:45:21Z;31,022883;77,101455;1647;11.33784;0;0;No Data;No Data
1178693138;2007-05-09T06:45:38Z;31,022455;77,101994;1647;11.40792;0;0;No Data;No Data
1178693143;2007-05-09T06:45:43Z;31,022357;77,102191;1679;11.42967;0;0;No Data;No Data
1178693160;2007-05-09T06:46:00Z;31,021990;77,102783;1703;11.4994;0;0;No Data;No Data
1178693178;2007-05-09T06:46:18Z;31,021644;77,103453;1717;11.57403;0;0;No Data;No Data
1178693191;2007-05-09T06:46:31Z;31,021470;77,103980;1675;11.62795;0;0;No Data;No Data
1178693195;2007-05-09T06:46:35Z;31,021416;77,104153;1675;11.64556;0;0;No Data;No Data
1178693204;2007-05-09T06:46:44Z;31,021297;77,104507;1675;11.68185;0;0;No Data;No Data
1178693215;2007-05-09T06:46:55Z;31,021107;77,104953;1659;11.72935;0;0;No Data;No Data
1178693230;2007-05-09T06:47:10Z;31,020769;77,105495;1623;11.7933;0;0;No Data;No Data
1178693243;2007-05-09T06:47:23Z;31,020435;77,105854;1613;11.84388;0;0;No Data;No Data
1178693258;2007-05-09T06:47:38Z;31,020109;77,106393;1578;11.90677;0;0;No Data;No Data
1178693270;2007-05-09T06:47:50Z;31,019760;77,106760;1578;11.95905;0;0;No Data;No Data
1178693281;2007-05-09T06:48:01Z;31,019365;77,106782;1579;12.00308;0;0;No Data;No Data
1178693288;2007-05-09T06:48:08Z;31,019117;77,106709;1579;12.03147;0;0;No Data;No Data
1178693300;2007-05-09T06:48:20Z;31,018693;77,106472;1582;12.08373;0;0;No Data;No Data
1178693305;2007-05-09T06:48:25Z;31,018522;77,106397;1582;12.10406;0;0;No Data;No Data
1178693319;2007-05-09T06:48:39Z;31,018032;77,106161;1620;12.16298;0;0;No Data;No Data
1178693327;2007-05-09T06:48:47Z;31,017849;77,105912;1605;12.1942;0;0;No Data;No Data
1178693335;2007-05-09T06:48:55Z;31,017733;77,105575;1605;12.22884;0;0;No Data;No Data
1178693345;2007-05-09T06:49:05Z;31,017623;77,105145;1633;12.2716;0;0;No Data;No Data
1178693351;2007-05-09T06:49:11Z;31,017603;77,104885;1633;12.29641;0;0;No Data;No Data
1178693362;2007-05-09T06:49:22Z;31,017713;77,104450;1653;12.33964;0;0;No Data;No Data
1178693374;2007-05-09T06:49:34Z;31,017890;77,103928;1653;12.39319;0;0;No Data;No Data
1178693392;2007-05-09T06:49:52Z;31,018277;77,103315;1709;12.46586;0;0;No Data;No Data
1178693404;2007-05-09T06:50:04Z;31,018440;77,102803;1742;12.51797;0;0;No Data;No Data
1178693411;2007-05-09T06:50:11Z;31,018565;77,102542;1742;12.54653;0;0;No Data;No Data
1178693425;2007-05-09T06:50:25Z;31,018867;77,102078;1715;12.60211;0;0;No Data;No Data
1178693442;2007-05-09T06:50:42Z;31,019249;77,101470;1715;12.67402;0;0;No Data;No Data
1178693462;2007-05-09T06:51:02Z;31,019795;77,100844;1659;12.75931;0;0;No Data;No Data
1178693472;2007-05-09T06:51:12Z;31,020067;77,100530;1659;12.80191;0;0;No Data;No Data
1178693492;2007-05-09T06:51:32Z;31,020372;77,099736;1621;12.88487;0;0;No Data;No Data
1178693506;2007-05-09T06:51:46Z;31,020802;77,099409;1586;12.94203;0;0;No Data;No Data
1178693518;2007-05-09T06:51:58Z;31,021159;77,099082;1586;12.99252;0;0;No Data;No Data
1178693533;2007-05-09T06:52:13Z;31,021613;77,098737;1535;13.05286;0;0;No Data;No Data
1178693554;2007-05-09T06:52:34Z;31,022124;77,098031;1545;13.14101;0;0;No Data;No Data
1178693566;2007-05-09T06:52:46Z;31,022468;77,097672;1560;13.19239;0;0;No Data;No Data
1178693578;2007-05-09T06:52:58Z;31,022659;77,097226;1560;13.23997;0;0;No Data;No Data
1178693588;2007-05-09T06:53:08Z;31,022701;77,096786;1579;13.2822;0;0;No Data;No Data
1178693602;2007-05-09T06:53:22Z;31,022667;77,096164;1595;13.34157;0;0;No Data;No Data
1178693610;2007-05-09T06:53:30Z;31,022650;77,095808;1595;13.37553;0;0;No Data;No Data
1178693622;2007-05-09T06:53:42Z;31,022354;77,095446;1595;13.42323;0;0;No Data;No Data
1178693632;2007-05-09T06:53:52Z;31,021985;77,095361;1550;13.46505;0;0;No Data;No Data
1178693643;2007-05-09T06:54:03Z;31,021564;77,095352;1550;13.51191;0;0;No Data;No Data
1178693654;2007-05-09T06:54:14Z;31,021220;77,095616;1495;13.55776;0;0;No Data;No Data
1178693665;2007-05-09T06:54:25Z;31,020940;77,095980;1495;13.60442;0;0;No Data;No Data
1178693673;2007-05-09T06:54:33Z;31,020777;77,096274;1495;13.63783;0;0;No Data;No Data
1178693683;2007-05-09T06:54:43Z;31,020507;77,096598;1513;13.68091;0;0;No Data;No Data
1178693698;2007-05-09T06:54:58Z;31,020298;77,097206;1576;13.74347;0;0;No Data;No Data
1178693718;2007-05-09T06:55:18Z;31,019834;77,097845;1576;13.82338;0;0;No Data;No Data
1178693733;2007-05-09T06:55:33Z;31,019476;77,098361;1621;13.88669;0;0;No Data;No Data
1178693742;2007-05-09T06:55:42Z;31,019204;77,098591;1621;13.92408;0;0;No Data;No Data
1178693761;2007-05-09T06:56:01Z;31,018781;77,099283;1659;14.00514;0;0;No Data;No Data
1178693768;2007-05-09T06:56:08Z;31,018686;77,099574;1659;14.03483;0;0;No Data;No Data
1178693780;2007-05-09T06:56:20Z;31,018435;77,099967;1669;14.08155;0;0;No Data;No Data
1178693791;2007-05-09T06:56:31Z;31,018320;77,100453;1669;14.12966;0;0;No Data;No Data
1178693810;2007-05-09T06:56:50Z;31,017944;77,101153;1702;14.20844;0;0;No Data;No Data
1178693821;2007-05-09T06:57:01Z;31,017795;77,101608;1715;14.25498;0;0;No Data;No Data
1178693831;2007-05-09T06:57:11Z;31,017593;77,101963;1715;14.29566;0;0;No Data;No Data
1178693841;2007-05-09T06:57:21Z;31,017483;77,102392;1694;14.33842;0;0;No Data;No Data
1178693852;2007-05-09T06:57:32Z;31,017302;77,102824;1694;14.38427;0;0;No Data;No Data
1178693863;2007-05-09T06:57:43Z;31,017120;77,103257;1674;14.4303;0;0;No Data;No Data
1178693871;2007-05-09T06:57:51Z;31,016919;77,103522;1637;14.46405;0;0;No Data;No Data
1178693881;2007-05-09T06:58:01Z;31,016725;77,103874;1618;14.50396;0;0;No Data;No Data
1178693888;2007-05-09T06:58:08Z;31,016509;77,104059;1618;14.53376;0;0;No Data;No Data
1178693900;2007-05-09T06:58:20Z;31,016211;77,104431;1640;14.58233;0;0;No Data;No Data
1178693910;2007-05-09T06:58:30Z;31,015904;77,104719;1617;14.62622;0;0;No Data;No Data
1178693920;2007-05-09T06:58:40Z;31,015590;77,104922;1617;14.66618;0;0;No Data;No Data
1178693926;2007-05-09T06:58:46Z;31,015353;77,104939;1633;14.69253;0;0;No Data;No Data
1178693937;2007-05-09T06:58:57Z;31,014960;77,104880;1633;14.73661;0;0;No Data;No Data
1178693946;2007-05-09T06:59:06Z;31,014641;77,104728;1633;14.7749;0;0;No Data;No Data
1178693953;2007-05-09T06:59:13Z;31,014469;77,104483;1651;14.80509;0;0;No Data;No Data
1178693962;2007-05-09T06:59:22Z;31,014296;77,104149;1651;14.84226;0;0;No Data;No Data
1178693972;2007-05-09T06:59:32Z;31,014192;77,103727;1677;14.88409;0;0;No Data;No Data
1178693982;2007-05-09T06:59:42Z;31,014162;77,103303;1677;14.92463;0;0;No Data;No Data
1178693992;2007-05-09T06:59:52Z;31,014137;77,102876;1690;14.96539;0;0;No Data;No Data
1178694000;2007-05-09T07:00:00Z;31,014199;77,102525;1690;14.99957;0;0;No Data;No Data
1178694005;2007-05-09T07:00:05Z;31,014277;77,102340;1690;15.01924;0;0;No Data;No Data
1178694022;2007-05-09T07:00:22Z;31,014598;77,101678;1663;15.09181;0;0;No Data;No Data
1178694034;2007-05-09T07:00:34Z;31,014832;77,101209;1655;15.14356;0;0;No Data;No Data
1178694045;2007-05-09T07:00:45Z;31,014973;77,100759;1655;15.18922;0;0;No Data;No Data
1178694058;2007-05-09T07:00:58Z;31,015235;77,100325;1666;15.23984;0;0;No Data;No Data
1178694068;2007-05-09T07:01:08Z;31,015357;77,099892;1666;15.28333;0;0;No Data;No Data
1178694078;2007-05-09T07:01:18Z;31,015569;77,099530;1693;15.32511;0;0;No Data;No Data
1178694085;2007-05-09T07:01:25Z;31,015641;77,099259;1693;15.35218;0;0;No Data;No Data
1178694097;2007-05-09T07:01:37Z;31,015861;77,098800;1682;15.40234;0;0;No Data;No Data
1178694108;2007-05-09T07:01:48Z;31,016102;77,098411;1682;15.44819;0;0;No Data;No Data
1178694117;2007-05-09T07:01:57Z;31,016192;77,098031;1682;15.48579;0;0;No Data;No Data
1178694128;2007-05-09T07:02:08Z;31,016222;77,097551;1645;15.5317;0;0;No Data;No Data
1178694139;2007-05-09T07:02:19Z;31,016317;77,097073;1634;15.57848;0;0;No Data;No Data
1178694148;2007-05-09T07:02:28Z;31,016405;77,096692;1634;15.6161;0;0;No Data;No Data
1178694159;2007-05-09T07:02:39Z;31,016415;77,096227;1621;15.66048;0;0;No Data;No Data
1178694165;2007-05-09T07:02:45Z;31,016347;77,095950;1621;15.68789;0;0;No Data;No Data
1178694177;2007-05-09T07:02:57Z;31,015923;77,095856;1577;15.7359;0;0;No Data;No Data
1178694185;2007-05-09T07:03:05Z;31,015627;77,095868;1577;15.76884;0;0;No Data;No Data
1178694193;2007-05-09T07:03:13Z;31,015385;77,096082;1576;15.80259;0;0;No Data;No Data
1178694205;2007-05-09T07:03:25Z;31,015107;77,096518;1623;15.8544;0;0;No Data;No Data
1178694225;2007-05-09T07:03:45Z;31,014680;77,097234;1646;15.93762;0;0;No Data;No Data
1178694228;2007-05-09T07:03:48Z;31,014596;77,097338;1651;15.95124;0;0;No Data;No Data
1178694238;2007-05-09T07:03:58Z;31,014446;77,097710;1651;15.99048;0;0;No Data;No Data
1178694249;2007-05-09T07:04:09Z;31,014237;77,098158;1645;16.0392;0;0;No Data;No Data
1178694256;2007-05-09T07:04:16Z;31,014106;77,098419;1645;16.06808;0;0;No Data;No Data
1178694270;2007-05-09T07:04:30Z;31,013844;77,098940;1626;16.12574;0;0;No Data;No Data
1178694276;2007-05-09T07:04:36Z;31,013786;77,099199;1588;16.15127;0;0;No Data;No Data
1178694291;2007-05-09T07:04:51Z;31,013651;77,099824;1613;16.21281;0;0;No Data;No Data
1178694301;2007-05-09T07:05:01Z;31,013489;77,100206;1613;16.25353;0;0;No Data;No Data
1178694311;2007-05-09T07:05:11Z;31,013324;77,100590;1637;16.29454;0;0;No Data;No Data
1178694319;2007-05-09T07:05:19Z;31,013315;77,100958;1637;16.32967;0;0;No Data;No Data
1178694330;2007-05-09T07:05:30Z;31,013225;77,101424;1669;16.37529;0;0;No Data;No Data
1178694341;2007-05-09T07:05:41Z;31,013213;77,101882;1669;16.4191;0;0;No Data;No Data
1178694349;2007-05-09T07:05:49Z;31,013211;77,102240;1677;16.45334;0;0;No Data;No Data
1178694360;2007-05-09T07:06:00Z;31,013076;77,102683;1677;16.49824;0;0;No Data;No Data
1178694369;2007-05-09T07:06:09Z;31,013112;77,103099;1647;16.53822;0;0;No Data;No Data
1178694377;2007-05-09T07:06:17Z;31,013066;77,103438;1647;16.57098;0;0;No Data;No Data
1178694390;2007-05-09T07:06:30Z;31,012862;77,103969;1645;16.62653;0;0;No Data;No Data
1178694399;2007-05-09T07:06:39Z;31,012731;77,104321;1645;16.66314;0;0;No Data;No Data
1178694409;2007-05-09T07:06:49Z;31,012522;77,104679;1614;16.70442;0;0;No Data;No Data
1178694419;2007-05-09T07:06:59Z;31,012227;77,104960;1614;16.74676;0;0;No Data;No Data
1178694428;2007-05-09T07:07:08Z;31,011912;77,104989;1641;16.78193;0;0;No Data;No Data
1178694438;2007-05-09T07:07:18Z;31,011648;77,104678;1641;16.82364;0;0;No Data;No Data
1178694446;2007-05-09T07:07:26Z;31,011477;77,104349;1675;16.86025;0;0;No Data;No Data
1178694456;2007-05-09T07:07:36Z;31,011444;77,103934;1675;16.89999;0;0;No Data;No Data
1178694466;2007-05-09T07:07:46Z;31,011411;77,103520;1709;16.93965;0;0;No Data;No Data
1178694475;2007-05-09T07:07:55Z;31,011376;77,103108;1709;16.97907;0;0;No Data;No Data
1178694486;2007-05-09T07:08:06Z;31,011335;77,102616;1737;17.02619;0;0;No Data;No Data
1178694502;2007-05-09T07:08:22Z;31,011310;77,101934;1727;17.09129;0;0;No Data;No Data
1178694512;2007-05-09T07:08:32Z;31,011309;77,101492;1727;17.13342;0;0;No Data;No Data
1178694519;2007-05-09T07:08:39Z;31,011393;77,101211;1566;17.16177;0;0;No Data;No Data
1178694530;2007-05-09T07:08:50Z;31,011492;77,100735;1693;17.20849;0;0;No Data;No Data
1178694539;2007-05-09T07:08:59Z;31,011589;77,100348;1658;17.24692;0;0;No Data;No Data
1178694546;2007-05-09T07:09:06Z;31,011677;77,100060;1658;17.27609;0;0;No Data;No Data
1178694558;2007-05-09T07:09:18Z;31,011773;77,099581;1623;17.32299;0;0;No Data;No Data
1178694566;2007-05-09T07:09:26Z;31,011945;77,099276;1623;17.3578;0;0;No Data;No Data
1178694577;2007-05-09T07:09:37Z;31,012047;77,098787;1590;17.40577;0;0;No Data;No Data
1178694586;2007-05-09T07:09:46Z;31,012062;77,098408;1590;17.44191;0;0;No Data;No Data
1178694595;2007-05-09T07:09:55Z;31,012152;77,098023;1563;17.47997;0;0;No Data;No Data
1178694608;2007-05-09T07:10:08Z;31,012150;77,097480;1563;17.53176;0;0;No Data;No Data
1178694616;2007-05-09T07:10:16Z;31,012222;77,097114;1566;17.56759;0;0;No Data;No Data
1178694628;2007-05-09T07:10:28Z;31,012211;77,096582;1566;17.61829;0;0;No Data;No Data
1178694635;2007-05-09T07:10:35Z;31,012285;77,096305;1539;17.64591;0;0;No Data;No Data
1178694646;2007-05-09T07:10:46Z;31,012293;77,095838;1539;17.69043;0;0;No Data;No Data
1178694656;2007-05-09T07:10:56Z;31,012298;77,095374;1520;17.73464;0;0;No Data;No Data
1178694665;2007-05-09T07:11:05Z;31,012138;77,095032;1520;17.77174;0;0;No Data;No Data
1178694674;2007-05-09T07:11:14Z;31,011827;77,095068;1530;17.80645;0;0;No Data;No Data
1178694684;2007-05-09T07:11:24Z;31,011432;77,095126;1530;17.85069;0;0;No Data;No Data
1178694691;2007-05-09T07:11:31Z;31,011194;77,095255;1558;17.87983;0;0;No Data;No Data
1178694699;2007-05-09T07:11:39Z;31,011035;77,095554;1571;17.9134;0;0;No Data;No Data
1178694712;2007-05-09T07:11:52Z;31,010723;77,095962;1571;17.96557;0;0;No Data;No Data
1178694724;2007-05-09T07:12:04Z;31,010499;77,096434;1561;18.01702;0;0;No Data;No Data
1178694733;2007-05-09T07:12:13Z;31,010429;77,096796;1598;18.05247;0;0;No Data;No Data
1178694744;2007-05-09T07:12:24Z;31,010273;77,097271;1605;18.101;0;0;No Data;No Data
1178694753;2007-05-09T07:12:33Z;31,010198;77,097640;1605;18.13723;0;0;No Data;No Data
1178694762;2007-05-09T07:12:42Z;31,010122;77,098009;1605;18.17343;0;0;No Data;No Data
1178694773;2007-05-09T07:12:53Z;31,009964;77,098485;1610;18.22214;0;0;No Data;No Data
1178694784;2007-05-09T07:13:04Z;31,009958;77,098942;1637;18.26579;0;0;No Data;No Data
1178694793;2007-05-09T07:13:13Z;31,009868;77,099328;1637;18.30402;0;0;No Data;No Data
1178694804;2007-05-09T07:13:24Z;31,009775;77,099806;1677;18.35086;0;0;No Data;No Data
1178694815;2007-05-09T07:13:35Z;31,009684;77,100280;1677;18.39724;0;0;No Data;No Data
1178694824;2007-05-09T07:13:44Z;31,009599;77,100655;1730;18.4343;0;0;No Data;No Data
1178694835;2007-05-09T07:13:55Z;31,009510;77,101124;1730;18.48014;0;0;No Data;No Data
1178694845;2007-05-09T07:14:05Z;31,009353;77,101500;1762;18.52004;0;0;No Data;No Data
1178694854;2007-05-09T07:14:14Z;31,009206;77,101864;1762;18.5585;0;0;No Data;No Data
1178694865;2007-05-09T07:14:25Z;31,009069;77,102304;1756;18.60315;0;0;No Data;No Data
1178694873;2007-05-09T07:14:33Z;31,008937;77,102650;1756;18.6393;0;0;No Data;No Data
1178694883;2007-05-09T07:14:43Z;31,008656;77,102922;1779;18.67995;0;0;No Data;No Data
1178694891;2007-05-09T07:14:51Z;31,008357;77,102950;1779;18.71327;0;0;No Data;No Data
1178694901;2007-05-09T07:15:01Z;31,007979;77,102906;1779;18.75547;0;0;No Data;No Data
1178694911;2007-05-09T07:15:11Z;31,007609;77,102941;1798;18.79671;0;0;No Data;No Data
1178694920;2007-05-09T07:15:20Z;31,007311;77,102798;1798;18.83246;0;0;No Data;No Data
1178694928;2007-05-09T07:15:28Z;31,007147;77,102486;1798;18.86729;0;0;No Data;No Data
1178694938;2007-05-09T07:15:38Z;31,007048;77,102093;1813;18.90634;0;0;No Data;No Data
1178694945;2007-05-09T07:15:45Z;31,007031;77,101767;1813;18.93747;0;0;No Data;No Data
1178694954;2007-05-09T07:15:54Z;31,007014;77,101356;1813;18.97672;0;0;No Data;No Data
1178694962;2007-05-09T07:16:02Z;31,007007;77,101016;1821;19.00909;0;0;No Data;No Data
1178694974;2007-05-09T07:16:14Z;31,007077;77,100485;1804;19.0603;0;0;No Data;No Data
1178694985;2007-05-09T07:16:25Z;31,007153;77,100033;1781;19.10419;0;0;No Data;No Data
1178694996;2007-05-09T07:16:36Z;31,007236;77,099567;1745;19.14963;0;0;No Data;No Data
1178695005;2007-05-09T07:16:45Z;31,007317;77,099191;1745;19.18658;0;0;No Data;No Data
1178695018;2007-05-09T07:16:58Z;31,007397;77,098639;1717;19.24;0;0;No Data;No Data
1178695026;2007-05-09T07:17:06Z;31,007477;77,098264;1717;19.27689;0;0;No Data;No Data
1178695039;2007-05-09T07:17:19Z;31,007704;77,097783;1693;19.32924;0;0;No Data;No Data
1178695050;2007-05-09T07:17:30Z;31,007928;77,097396;1688;19.37383;0;0;No Data;No Data
1178695060;2007-05-09T07:17:40Z;31,008152;77,097011;1657;19.41821;0;0;No Data;No Data
1178695069;2007-05-09T07:17:49Z;31,008231;77,096634;1657;19.45517;0;0;No Data;No Data
1178695080;2007-05-09T07:18:00Z;31,008366;77,096192;1673;19.4999;0;0;No Data;No Data
1178695089;2007-05-09T07:18:09Z;31,008501;77,095840;1673;19.53669;0;0;No Data;No Data
1178695099;2007-05-09T07:18:19Z;31,008633;77,095404;1694;19.58082;0;0;No Data;No Data
1178695108;2007-05-09T07:18:28Z;31,008698;77,095053;1694;19.61501;0;0;No Data;No Data
1178695118;2007-05-09T07:18:38Z;31,008767;77,094604;1694;19.65853;0;0;No Data;No Data
1178695128;2007-05-09T07:18:48Z;31,008761;77,094161;1674;19.70073;0;0;No Data;No Data
1178695138;2007-05-09T07:18:58Z;31,008752;77,093728;1677;19.74204;0;0;No Data;No Data
1178695146;2007-05-09T07:19:06Z;31,008739;77,093390;1677;19.77426;0;0;No Data;No Data
1178695153;2007-05-09T07:19:13Z;31,008725;77,093056;1677;19.80608;0;0;No Data;No Data
1178695166;2007-05-09T07:19:26Z;31,008691;77,092493;1704;19.8599;0;0;No Data;No Data
1178695174;2007-05-09T07:19:34Z;31,008450;77,092289;1704;19.89296;0;0;No Data;No Data
1178695185;2007-05-09T07:19:45Z;31,008066;77,092368;1704;19.93634;0;0;No Data;No Data
1178695193;2007-05-09T07:19:53Z;31,007769;77,092501;1731;19.97174;0;0;No Data;No Data
1178695203;2007-05-09T07:20:03Z;31,007558;77,092867;1731;20.01389;0;0;No Data;No Data
1178695211;2007-05-09T07:20:11Z;31,007336;77,093080;1717;20.04591;0;0;No Data;No Data
1178695220;2007-05-09T07:20:20Z;31,007118;77,093373;1717;20.0829;0;0;No Data;No Data
1178695229;2007-05-09T07:20:29Z;31,006902;77,093662;1760;20.11949;0;0;No Data;No Data
1178695238;2007-05-09T07:20:38Z;31,006767;77,094016;1736;20.15648;0;0;No Data;No Data
1178695249;2007-05-09T07:20:49Z;31,006482;77,094396;1736;20.20472;0;0;No Data;No Data
1178695259;2007-05-09T07:20:59Z;31,006419;77,094831;1729;20.24685;0;0;No Data;No Data
1178695270;2007-05-09T07:21:10Z;31,006276;77,095291;1729;20.2936;0;0;No Data;No Data
1178695280;2007-05-09T07:21:20Z;31,006130;77,095671;1788;20.33335;0;0;No Data;No Data
1178695289;2007-05-09T07:21:29Z;31,005988;77,096038;1788;20.37181;0;0;No Data;No Data
1178695300;2007-05-09T07:21:40Z;31,005858;77,096469;1773;20.41544;0;0;No Data;No Data
1178695306;2007-05-09T07:21:46Z;31,005792;77,096730;1773;20.44139;0;0;No Data;No Data
1178695320;2007-05-09T07:22:00Z;31,005521;77,097256;1764;20.49998;0;0;No Data;No Data
1178695330;2007-05-09T07:22:10Z;31,005375;77,097636;1790;20.53979;0;0;No Data;No Data
1178695339;2007-05-09T07:22:19Z;31,005233;77,098005;1790;20.57839;0;0;No Data;No Data
1178695347;2007-05-09T07:22:27Z;31,004939;77,098052;1813;20.61134;0;0;No Data;No Data
1178695355;2007-05-09T07:22:35Z;31,004647;77,098099;1813;20.64409;0;0;No Data;No Data
1178695362;2007-05-09T07:22:42Z;31,004355;77,098061;1842;20.67676;0;0;No Data;No Data
1178695372;2007-05-09T07:22:52Z;31,003992;77,097943;1834;20.71861;0;0;No Data;No Data
1178695380;2007-05-09T07:23:00Z;31,003837;77,097642;1834;20.75208;0;0;No Data;No Data
1178695386;2007-05-09T07:23:06Z;31,003759;77,097403;1862;20.77642;0;0;No Data;No Data
1178695396;2007-05-09T07:23:16Z;31,003746;77,096997;1880;20.81517;0;0;No Data;No Data
1178695407;2007-05-09T07:23:27Z;31,003727;77,096519;1880;20.8608;0;0;No Data;No Data
1178695415;2007-05-09T07:23:35Z;31,003858;77,096175;1866;20.89665;0;0;No Data;No Data
1178695425;2007-05-09T07:23:45Z;31,003914;77,095766;1866;20.93616;0;0;No Data;No Data
1178695437;2007-05-09T07:23:57Z;31,004197;77,095368;1855;20.98553;0;0;No Data;No Data
1178695449;2007-05-09T07:24:09Z;31,004485;77,094960;1855;21.03598;0;0;No Data;No Data
1178695459;2007-05-09T07:24:19Z;31,004700;77,094570;1804;21.08023;0;0;No Data;No Data
1178695474;2007-05-09T07:24:34Z;31,005052;77,094089;1804;21.14059;0;0;No Data;No Data
1178695481;2007-05-09T07:24:41Z;31,005195;77,093801;1804;21.1724;0;0;No Data;No Data
1178695490;2007-05-09T07:24:50Z;31,005412;77,093498;1800;21.21013;0;0;No Data;No Data
1178695508;2007-05-09T07:25:08Z;31,005619;77,092775;1772;21.28281;0;0;No Data;No Data
1178695523;2007-05-09T07:25:23Z;31,005985;77,092261;1772;21.34654;0;0;No Data;No Data
1178695539;2007-05-09T07:25:39Z;31,006363;77,091716;1715;21.4134;0;0;No Data;No Data
1178695548;2007-05-09T07:25:48Z;31,006520;77,091393;1715;21.44883;0;0;No Data;No Data
1178695564;2007-05-09T07:26:04Z;31,006904;77,090838;1672;21.51693;0;0;No Data;No Data
1178695580;2007-05-09T07:26:20Z;31,007287;77,090292;1631;21.58423;0;0;No Data;No Data
1178695593;2007-05-09T07:26:33Z;31,007452;77,089764;1631;21.63786;0;0;No Data;No Data
1178695605;2007-05-09T07:26:45Z;31,007687;77,089333;1568;21.68662;0;0;No Data;No Data
1178695616;2007-05-09T07:26:56Z;31,007702;77,088829;1535;21.73467;0;0;No Data;No Data
1178695623;2007-05-09T07:27:03Z;31,007705;77,088542;1535;21.76198;0;0;No Data;No Data
1178695634;2007-05-09T07:27:14Z;31,007710;77,088063;1535;21.80764;0;0;No Data;No Data
1178695641;2007-05-09T07:27:21Z;31,007499;77,087868;1511;21.83755;0;0;No Data;No Data
1178695652;2007-05-09T07:27:32Z;31,007104;77,087890;1511;21.88153;0;0;No Data;No Data
1178695662;2007-05-09T07:27:42Z;31,006720;77,087978;1532;21.92502;0;0;No Data;No Data
1178695671;2007-05-09T07:27:51Z;31,006415;77,088141;1566;21.96227;0;0;No Data;No Data
1178695682;2007-05-09T07:28:02Z;31,006027;77,088351;1606;22.00984;0;0;No Data;No Data
1178695691;2007-05-09T07:28:11Z;31,005796;77,088603;1606;22.04503;0;0;No Data;No Data
1178695701;2007-05-09T07:28:21Z;31,005566;77,088951;1646;22.08698;0;0;No Data;No Data
1178695714;2007-05-09T07:28:34Z;31,005263;77,089405;1676;22.14183;0;0;No Data;No Data
1178695731;2007-05-09T07:28:51Z;31,004963;77,090039;1708;22.21097;0;0;No Data;No Data
1178695745;2007-05-09T07:29:05Z;31,004666;77,090575;1725;22.27188;0;0;No Data;No Data
1178695763;2007-05-09T07:29:23Z;31,004299;77,091210;1769;22.34499;0;0;No Data;No Data
1178695773;2007-05-09T07:29:33Z;31,004015;77,091518;1776;22.38817;0;0;No Data;No Data
1178695787;2007-05-09T07:29:47Z;31,003729;77,092023;1795;22.44587;0;0;No Data;No Data
1178695797;2007-05-09T07:29:57Z;31,003585;77,092421;1829;22.48708;0;0;No Data;No Data
1178695814;2007-05-09T07:30:14Z;31,003302;77,093107;1855;22.55976;0;0;No Data;No Data
1178695823;2007-05-09T07:30:23Z;31,003237;77,093459;1855;22.59412;0;0;No Data;No Data
1178695834;2007-05-09T07:30:34Z;31,003102;77,093915;1861;22.64021;0;0;No Data;No Data
1178695845;2007-05-09T07:30:45Z;31,002967;77,094370;1861;22.68616;0;0;No Data;No Data
1178695854;2007-05-09T07:30:54Z;31,002830;77,094739;1902;22.72451;0;0;No Data;No Data
1178695867;2007-05-09T07:31:07Z;31,002630;77,095277;1902;22.78052;0;0;No Data;No Data
1178695872;2007-05-09T07:31:12Z;31,002565;77,095446;1897;22.79826;0;0;No Data;No Data
1178695884;2007-05-09T07:31:24Z;31,002370;77,095960;1897;22.85187;0;0;No Data;No Data
1178695896;2007-05-09T07:31:36Z;31,002036;77,096308;1900;22.90169;0;0;No Data;No Data
1178695904;2007-05-09T07:31:44Z;31,001760;77,096334;1900;22.93246;0;0;No Data;No Data
1178695910;2007-05-09T07:31:50Z;31,001614;77,096111;1900;22.95915;0;0;No Data;No Data
1178695918;2007-05-09T07:31:58Z;31,001536;77,095797;1900;22.99033;0;0;No Data;No Data
1178695926;2007-05-09T07:32:06Z;31,001533;77,095437;1900;23.02465;0;0;No Data;No Data
1178695934;2007-05-09T07:32:14Z;31,001595;77,095090;1880;23.05848;0;0;No Data;No Data
1178695945;2007-05-09T07:32:25Z;31,001726;77,094648;1880;23.10305;0;0;No Data;No Data
1178695955;2007-05-09T07:32:35Z;31,001789;77,094205;1856;23.14582;0;0;No Data;No Data
1178695964;2007-05-09T07:32:44Z;31,001921;77,093848;1856;23.18293;0;0;No Data;No Data
1178695975;2007-05-09T07:32:55Z;31,002054;77,093391;1828;23.22901;0;0;No Data;No Data
1178695986;2007-05-09T07:33:06Z;31,002190;77,092925;1825;23.27592;0;0;No Data;No Data
1178695996;2007-05-09T07:33:16Z;31,002326;77,092551;1825;23.31467;0;0;No Data;No Data
1178696009;2007-05-09T07:33:29Z;31,002462;77,091988;1787;23.37046;0;0;No Data;No Data
1178696016;2007-05-09T07:33:36Z;31,002600;77,091702;1787;23.40179;0;0;No Data;No Data
1178696030;2007-05-09T07:33:50Z;31,002738;77,091132;1751;23.45831;0;0;No Data;No Data
1178696040;2007-05-09T07:34:00Z;31,002878;77,090739;1751;23.49892;0;0;No Data;No Data
1178696047;2007-05-09T07:34:07Z;31,003018;77,090446;1733;23.53089;0;0;No Data;No Data
1178696061;2007-05-09T07:34:21Z;31,003299;77,089952;1733;23.58747;0;0;No Data;No Data
1178696076;2007-05-09T07:34:36Z;31,003515;77,089347;1693;23.65;0;0;No Data;No Data
1178696091;2007-05-09T07:34:51Z;31,003873;77,088824;1666;23.71392;0;0;No Data;No Data
1178696105;2007-05-09T07:35:05Z;31,004232;77,088399;1666;23.77088;0;0;No Data;No Data
1178696121;2007-05-09T07:35:21Z;31,004392;77,087747;1625;23.83557;0;0;No Data;No Data
1178696134;2007-05-09T07:35:34Z;31,004615;77,087218;1625;23.89183;0;0;No Data;No Data
1178696148;2007-05-09T07:35:48Z;31,004760;77,086632;1570;23.95001;0;0;No Data;No Data
1178696159;2007-05-09T07:35:59Z;31,004825;77,086177;1572;23.99402;0;0;No Data;No Data
1178696169;2007-05-09T07:36:09Z;31,004815;77,085742;1572;24.03548;0;0;No Data;No Data
1178696179;2007-05-09T07:36:19Z;31,004660;77,085328;1553;24.07851;0;0;No Data;No Data
1178696191;2007-05-09T07:36:31Z;31,004283;77,085059;1592;24.1277;0;0;No Data;No Data
1178696199;2007-05-09T07:36:39Z;31,003987;77,085125;1592;24.16116;0;0;No Data;No Data
1178696206;2007-05-09T07:36:46Z;31,003772;77,085341;1586;24.19277;0;0;No Data;No Data
1178696217;2007-05-09T07:36:57Z;31,003486;77,085657;1608;24.23661;0;0;No Data;No Data
1178696230;2007-05-09T07:37:10Z;31,003211;77,086116;1608;24.29007;0;0;No Data;No Data
1178696239;2007-05-09T07:37:19Z;31,003006;77,086471;1618;24.33093;0;0;No Data;No Data
1178696248;2007-05-09T07:37:28Z;31,002798;77,086753;1575;24.36641;0;0;No Data;No Data
1178696260;2007-05-09T07:37:40Z;31,002591;77,087224;1600;24.41697;0;0;No Data;No Data
1178696270;2007-05-09T07:37:50Z;31,002383;77,087603;1600;24.45992;0;0;No Data;No Data
1178696280;2007-05-09T07:38:00Z;31,002246;77,087982;1600;24.49922;0;0;No Data;No Data
1178696289;2007-05-09T07:38:09Z;31,002108;77,088367;1634;24.53906;0;0;No Data;No Data
1178696299;2007-05-09T07:38:19Z;31,001970;77,088751;1614;24.57876;0;0;No Data;No Data
1178696311;2007-05-09T07:38:31Z;31,001833;77,089235;1647;24.62742;0;0;No Data;No Data
1178696323;2007-05-09T07:38:43Z;31,001694;77,089730;1690;24.67717;0;0;No Data;No Data
1178696332;2007-05-09T07:38:52Z;31,001557;77,090117;1690;24.71719;0;0;No Data;No Data
1178696344;2007-05-09T07:39:04Z;31,001422;77,090590;1723;24.76477;0;0;No Data;No Data
1178696353;2007-05-09T07:39:13Z;31,001286;77,090965;1723;24.8036;0;0;No Data;No Data
1178696364;2007-05-09T07:39:24Z;31,001220;77,091441;1719;24.84965;0;0;No Data;No Data
1178696375;2007-05-09T07:39:35Z;31,001086;77,091915;1719;24.89734;0;0;No Data;No Data
1178696386;2007-05-09T07:39:46Z;31,001022;77,092376;1751;24.94197;0;0;No Data;No Data
1178696390;2007-05-09T07:39:50Z;31,001023;77,092562;1751;24.95977;0;0;No Data;No Data
1178696401;2007-05-09T07:40:01Z;31,000960;77,093021;1780;25.00413;0;0;No Data;No Data
1178696414;2007-05-09T07:40:14Z;31,000898;77,093565;1780;25.05652;0;0;No Data;No Data
1178696420;2007-05-09T07:40:20Z;31,000833;77,093833;1810;25.08315;0;0;No Data;No Data
1178696431;2007-05-09T07:40:31Z;31,000702;77,094285;1810;25.12871;0;0;No Data;No Data
1178696442;2007-05-09T07:40:42Z;31,000639;77,094747;1844;25.17342;0;0;No Data;No Data
1178696449;2007-05-09T07:40:49Z;31,000436;77,094936;1833;25.20231;0;0;No Data;No Data
1178696457;2007-05-09T07:40:57Z;31,000228;77,094669;1833;25.23672;0;0;No Data;No Data
1178696470;2007-05-09T07:41:10Z;31,000222;77,094108;1772;25.29024;0;0;No Data;No Data
1178696482;2007-05-09T07:41:22Z;31,000214;77,093562;1744;25.34235;0;0;No Data;No Data
1178696493;2007-05-09T07:41:33Z;31,000208;77,093108;1744;25.38559;0;0;No Data;No Data
1178696501;2007-05-09T07:41:41Z;31,000202;77,092745;1718;25.42021;0;0;No Data;No Data
1178696511;2007-05-09T07:41:51Z;31,000196;77,092287;1718;25.46388;0;0;No Data;No Data
1178696522;2007-05-09T07:42:02Z;31,000259;77,091817;1687;25.50923;0;0;No Data;No Data
1178696533;2007-05-09T07:42:13Z;31,000253;77,091349;1687;25.55388;0;0;No Data;No Data
1178696537;2007-05-09T07:42:17Z;31,000251;77,091160;1652;25.57186;0;0;No Data;No Data
1178696552;2007-05-09T07:42:32Z;31,000243;77,090499;1652;25.63491;0;0;No Data;No Data
1178696565;2007-05-09T07:42:45Z;31,000236;77,089928;1613;25.68936;0;0;No Data;No Data
1178696574;2007-05-09T07:42:54Z;31,000301;77,089548;1587;25.72634;0;0;No Data;No Data
1178696583;2007-05-09T07:43:03Z;31,000295;77,089178;1548;25.76158;0;0;No Data;No Data
1178696591;2007-05-09T07:43:11Z;31,000358;77,088812;1563;25.79717;0;0;No Data;No Data
1178696602;2007-05-09T07:43:22Z;31,000421;77,088349;1563;25.84184;0;0;No Data;No Data
1178696615;2007-05-09T07:43:35Z;31,000413;77,087780;1540;25.89608;0;0;No Data;No Data
1178696625;2007-05-09T07:43:45Z;31,000405;77,087334;1540;25.93858;0;0;No Data;No Data
1178696636;2007-05-09T07:43:56Z;31,000469;77,086850;1521;25.98529;0;0;No Data;No Data
1178696647;2007-05-09T07:44:07Z;31,000316;77,086446;1548;26.02742;0;0;No Data;No Data
1178696653;2007-05-09T07:44:13Z;31,000098;77,086315;1547;26.05467;0;0;No Data;No Data
1178696662;2007-05-09T07:44:22Z;30,999890;77,086624;1548;26.09213;0;0;No Data;No Data
1178696668;2007-05-09T07:44:28Z;30,999752;77,086836;1548;26.11758;0;0;No Data;No Data
1178696676;2007-05-09T07:44:36Z;30,999689;77,087188;1548;26.15189;0;0;No Data;No Data
1178696689;2007-05-09T07:44:49Z;30,999560;77,087734;1580;26.20593;0;0;No Data;No Data
1178696700;2007-05-09T07:45:00Z;30,999500;77,088184;1578;26.24946;0;0;No Data;No Data
1178696711;2007-05-09T07:45:11Z;30,999438;77,088648;1578;26.29435;0;0;No Data;No Data
1178696720;2007-05-09T07:45:20Z;30,999375;77,089032;1600;26.33175;0;0;No Data;No Data
1178696726;2007-05-09T07:45:26Z;30,999380;77,089309;1600;26.35827;0;0;No Data;No Data
1178696739;2007-05-09T07:45:39Z;30,999319;77,089884;1635;26.41355;0;0;No Data;No Data
1178696744;2007-05-09T07:45:44Z;30,999322;77,090076;1635;26.43193;0;0;No Data;No Data
1178696761;2007-05-09T07:46:01Z;30,999334;77,090843;1677;26.50514;0;0;No Data;No Data
1178696770;2007-05-09T07:46:10Z;30,999340;77,091229;1677;26.54203;0;0;No Data;No Data
1178696779;2007-05-09T07:46:19Z;30,999345;77,091613;1717;26.57873;0;0;No Data;No Data
1178696787;2007-05-09T07:46:27Z;30,999352;77,091981;1717;26.61388;0;0;No Data;No Data
1178696796;2007-05-09T07:46:36Z;30,999289;77,092363;1755;26.65109;0;0;No Data;No Data
1178696805;2007-05-09T07:46:45Z;30,999295;77,092729;1755;26.68605;0;0;No Data;No Data
1178696815;2007-05-09T07:46:55Z;30,999234;77,093195;1785;26.73104;0;0;No Data;No Data
1178696877;2007-05-09T07:47:57Z;30,999013;77,095891;1865;26.98953;0;0;No Data;No Data
1178696887;2007-05-09T07:48:07Z;30,999142;77,095518;1865;27.02788;0;0;No Data;No Data
1178696904;2007-05-09T07:48:24Z;30,998952;77,096249;1865;27.10083;0;0;No Data;No Data
1178696912;2007-05-09T07:48:32Z;30,998754;77,096525;1862;27.13518;0;0;No Data;No Data
1178696918;2007-05-09T07:48:38Z;30,998623;77,096700;1862;27.15734;0;0;No Data;No Data
1178696930;2007-05-09T07:48:50Z;30,998153;77,096780;1862;27.21014;0;0;No Data;No Data
1178696940;2007-05-09T07:49:00Z;30,997877;77,096517;1820;27.24977;0;0;No Data;No Data
1178696948;2007-05-09T07:49:08Z;30,997868;77,096164;1785;27.28341;0;0;No Data;No Data
1178696956;2007-05-09T07:49:16Z;30,997928;77,095812;1841;27.31763;0;0;No Data;No Data
1178696967;2007-05-09T07:49:27Z;30,998121;77,095382;1822;27.36396;0;0;No Data;No Data
1178696976;2007-05-09T07:49:36Z;30,998181;77,095032;1822;27.39801;0;0;No Data;No Data
1178696988;2007-05-09T07:49:48Z;30,998304;77,094519;1815;27.44879;0;0;No Data;No Data
1178696996;2007-05-09T07:49:56Z;30,998296;77,094176;1815;27.4815;0;0;No Data;No Data
1178697008;2007-05-09T07:50:08Z;30,998352;77,093657;1800;27.53134;0;0;No Data;No Data
1178697017;2007-05-09T07:50:17Z;30,998342;77,093226;1800;27.57243;0;0;No Data;No Data
1178697025;2007-05-09T07:50:25Z;30,998334;77,092880;1777;27.60543;0;0;No Data;No Data
1178697036;2007-05-09T07:50:36Z;30,998392;77,092434;1777;27.64843;0;0;No Data;No Data
1178697044;2007-05-09T07:50:44Z;30,998384;77,092074;1753;27.68277;0;0;No Data;No Data
1178697050;2007-05-09T07:50:50Z;30,998378;77,091803;1753;27.7086;0;0;No Data;No Data
1178697063;2007-05-09T07:51:03Z;30,998435;77,091252;1732;27.76152;0;0;No Data;No Data
1178697073;2007-05-09T07:51:13Z;30,998494;77,090790;1732;27.8061;0;0;No Data;No Data
1178697086;2007-05-09T07:51:26Z;30,998624;77,090268;1681;27.85789;0;0;No Data;No Data
1178697098;2007-05-09T07:51:38Z;30,998684;77,089762;1681;27.90661;0;0;No Data;No Data
1178697106;2007-05-09T07:51:46Z;30,998677;77,089388;1637;27.94227;0;0;No Data;No Data
1178697117;2007-05-09T07:51:57Z;30,998737;77,088911;1637;27.9882;0;0;No Data;No Data
1178697127;2007-05-09T07:52:07Z;30,998870;77,088508;1578;28.02933;0;0;No Data;No Data
1178697135;2007-05-09T07:52:15Z;30,998932;77,088149;1578;28.06425;0;0;No Data;No Data
1178697145;2007-05-09T07:52:25Z;30,998921;77,087737;1580;28.10358;0;0;No Data;No Data
1178697153;2007-05-09T07:52:33Z;30,998912;77,087403;1580;28.13542;0;0;No Data;No Data
1178697162;2007-05-09T07:52:42Z;30,999044;77,087034;1591;28.17357;0;0;No Data;No Data
1178697169;2007-05-09T07:52:49Z;30,999035;77,086697;1591;28.2057;0;0;No Data;No Data
1178697181;2007-05-09T07:53:01Z;30,999023;77,086169;1580;28.25605;0;0;No Data;No Data
1178697187;2007-05-09T07:53:07Z;30,998813;77,086224;1580;28.28001;0;0;No Data;No Data
1178697195;2007-05-09T07:53:15Z;30,998535;77,086384;1631;28.31451;0;0;No Data;No Data
1178697206;2007-05-09T07:53:26Z;30,998334;77,086783;1631;28.35864;0;0;No Data;No Data
1178697213;2007-05-09T07:53:33Z;30,998130;77,086997;1631;28.38919;0;0;No Data;No Data
1178697224;2007-05-09T07:53:44Z;30,997931;77,087382;1635;28.43213;0;0;No Data;No Data
1178697230;2007-05-09T07:53:50Z;30,997868;77,087649;1639;28.45856;0;0;No Data;No Data
1178697239;2007-05-09T07:53:59Z;30,997738;77,088006;1639;28.49562;0;0;No Data;No Data
1178697250;2007-05-09T07:54:10Z;30,997611;77,088452;1652;28.54046;0;0;No Data;No Data
1178697258;2007-05-09T07:54:18Z;30,997551;77,088814;1652;28.57572;0;0;No Data;No Data
1178697268;2007-05-09T07:54:28Z;30,997562;77,089260;1673;28.61836;0;0;No Data;No Data
1178697279;2007-05-09T07:54:39Z;30,997573;77,089717;1695;28.66209;0;0;No Data;No Data
1178697289;2007-05-09T07:54:49Z;30,997584;77,090171;1695;28.70546;0;0;No Data;No Data
1178697297;2007-05-09T07:54:57Z;30,997593;77,090515;1705;28.73834;0;0;No Data;No Data
1178697307;2007-05-09T07:55:07Z;30,997604;77,090959;1705;28.78074;0;0;No Data;No Data
1178697329;2007-05-09T07:55:29Z;30,997283;77,091829;1722;28.87115;0;0;No Data;No Data
1178697342;2007-05-09T07:55:42Z;30,997634;77,092189;1732;28.92327;0;0;No Data;No Data
